id,text,quote,picture,hashtag,date.time,dow,tod,sentimentanger,sentimentanticipation,sentimentdisgust,sentimentfear,sentimentjoy,sentimentnegative,sentimentpositive,sentimentsadness,sentimentsurprise,sentimenttrust,nb_pred
880049704620494848,"The #AmazonWashingtonPost, sometimes referred to as the guardian of Amazon not paying internet taxes (which they should) is FAKE NEWS!",FALSE,FALSE,TRUE,2017-06-28T18:06:14Z,Wed,8,No,No,No,No,No,Yes,Yes,No,No,Yes,not trump
880017678978736129,"Some of the Fake News Media likes to say that I am not totally engaged in healthcare. Wrong, I know the subject well  want victory for U.S.",FALSE,FALSE,FALSE,2017-06-28T15:58:59Z,Wed,5,No,Yes,No,No,Yes,Yes,Yes,No,No,Yes,trump
880015261004435456,The failing @nytimes writes false story after false story about me. They don't even call to verify the facts of a story. A Fake News Joke!,FALSE,FALSE,FALSE,2017-06-28T15:49:22Z,Wed,5,Yes,Yes,No,Yes,No,Yes,Yes,Yes,No,Yes,trump
879828637733793793,"I just finished a great meeting with the Republican Senators concerning HealthCare. They really want to get it right, unlike OCare!",FALSE,FALSE,FALSE,2017-06-28T03:27:48Z,Tues,17,No,No,No,No,No,No,No,No,No,No,not trump
879827411008974852,"With ZERO Democrats to help, and a failed, expensive and dangerous ObamaCare as the Dems legacy, the Republican Senators are working hard!",FALSE,FALSE,FALSE,2017-06-28T03:22:55Z,Tues,17,No,No,No,Yes,No,Yes,Yes,No,No,No,trump
879682547235651584,"So they caught Fake News CNN cold, but what about NBC, CBS  ABC? What about the failing @nytimes  @washingtonpost? They are all Fake News!",FALSE,FALSE,FALSE,2017-06-27T17:47:17Z,Tues,7,Yes,Yes,No,Yes,No,Yes,No,Yes,No,No,trump
879678356450676736,Fake News CNN is looking at big management changes now that they got caught falsely pushing their phony Russian stories. Ratings way down!,FALSE,FALSE,FALSE,2017-06-27T17:30:38Z,Tues,7,Yes,No,Yes,No,No,Yes,Yes,No,No,Yes,trump
879648931172556802,"Wow, CNN had to retract big story on ""Russia,"" with 3 employees forced to resign. What about all the other phony stories they do? FAKE NEWS!",FALSE,FALSE,FALSE,2017-06-27T15:33:42Z,Tues,5,Yes,No,Yes,Yes,No,Yes,No,Yes,No,No,trump
879527520957325314,"Great day for America's future Security and Safety, courtesy of the U.S. Supreme Court. I will keep fighting for the American people,  WIN!",FALSE,FALSE,FALSE,2017-06-27T07:31:16Z,Tues,21,Yes,Yes,No,Yes,No,Yes,Yes,No,No,No,trump
879525817361068032,"From @FoxNews ""Bombshell: In 2016, Obama dismissed idea that anyone could rig an American election.""  Check out his statement - Witch Hunt!",FALSE,FALSE,FALSE,2017-06-27T07:24:30Z,Tues,21,Yes,No,Yes,Yes,No,Yes,Yes,No,No,Yes,trump
879405223399350272,Very grateful for the 9-O decision from the U. S. Supreme Court. We must keep America SAFE!,FALSE,FALSE,FALSE,2017-06-26T23:25:18Z,Mon,13,Yes,Yes,No,Yes,Yes,No,Yes,No,No,Yes,trump
879326984794517507,"Republican Senators are working very hard to get there, with no help from the Democrats. Not easy! Perhaps just let OCare crash  burn!",FALSE,FALSE,FALSE,2017-06-26T18:14:24Z,Mon,8,No,No,No,Yes,No,Yes,Yes,Yes,Yes,No,trump
879324620159160322,"..under a magnifying glass, they have zero ""tapes"" of T people colluding. There is no collusion  no obstruction. I should be given apology!",FALSE,FALSE,FALSE,2017-06-26T18:05:01Z,Mon,8,Yes,No,Yes,Yes,No,Yes,Yes,Yes,No,No,trump
879323238425395200,The real story is that President Obama did NOTHING after being informed in August about Russian meddling. With 4 months looking at Russia...,FALSE,FALSE,FALSE,2017-06-26T17:59:31Z,Mon,7,No,No,No,No,No,No,Yes,No,No,Yes,trump
879320905608044544,"...and did not want to ""rock the boat."" He didn't ""choke,"" he colluded or obstructed, and it did the Dems and Crooked Hillary no good.",FALSE,FALSE,FALSE,2017-06-26T17:50:15Z,Mon,7,Yes,Yes,No,No,Yes,Yes,Yes,Yes,Yes,Yes,trump
879317636164841474,The reason that President Obama did NOTHING about Russia after being notified by the CIA of meddling is that he expected Clinton would win..,FALSE,FALSE,FALSE,2017-06-26T17:37:16Z,Mon,7,No,Yes,No,No,No,No,Yes,No,No,Yes,trump
879315860178993152,"The Democrats have become nothing but OBSTRUCTIONISTS, they have no policies or ideas. All they do is delay and complain.They own ObamaCare!",FALSE,FALSE,FALSE,2017-06-26T17:30:12Z,Mon,7,Yes,No,Yes,Yes,No,Yes,No,Yes,No,No,trump
878946025662296064,Hillary Clinton colluded with the Democratic Party in order to beat Crazy Bernie Sanders. Is she allowed to so collude? Unfair to Bernie!,FALSE,FALSE,FALSE,2017-06-25T17:00:37Z,Sun,7,Yes,No,Yes,Yes,No,Yes,No,Yes,No,No,trump
878725385235701761,MAKE AMERICA GREAT AGAIN!,FALSE,FALSE,FALSE,2017-06-25T02:23:52Z,Sat,16,No,No,No,No,No,No,No,No,No,No,not trump
878717095701336064,I cannot imagine that these very fine Republican Senators would allow the American people to suffer a broken ObamaCare any longer!,FALSE,FALSE,FALSE,2017-06-25T01:50:56Z,Sat,15,Yes,No,No,Yes,No,Yes,No,Yes,No,No,trump
878715504063643648,"Obama Administration official said they ""choked"" when it came to acting on Russian meddling of election. They didn't want to hurt Hillary?",FALSE,FALSE,FALSE,2017-06-25T01:44:36Z,Sat,15,Yes,No,No,Yes,No,Yes,No,Yes,No,Yes,trump
878711517537083392,"Since the Obama Administration was told way before the 2016 Election that the Russians were meddling, why no action? Focus on them, not T!",FALSE,FALSE,FALSE,2017-06-25T01:28:46Z,Sat,15,No,No,No,No,No,No,Yes,No,No,No,trump
878596457741287424,"Democrats slam GOP healthcare proposal as Obamacare premiums  deductibles increase by over 100%. Remember keep your doctor, keep your plan?",FALSE,FALSE,FALSE,2017-06-24T17:51:33Z,Sat,7,Yes,Yes,No,Yes,No,Yes,Yes,No,Yes,Yes,trump
878413313188802560,Just out: The Obama Administration knew far in advance of November 8th about election meddling by Russia. Did nothing about it. WHY?,FALSE,FALSE,FALSE,2017-06-24T05:43:48Z,Sat,19,No,Yes,No,Yes,Yes,No,Yes,No,Yes,No,trump
878200921980891136,"I've helped pass and signed 38 Legislative Bills, mostly with no Democratic support, and gotten rid of massive amounts of regulations. Nice!",FALSE,FALSE,FALSE,2017-06-23T15:39:50Z,Fri,5,No,No,No,No,No,No,No,No,No,No,not trump
878192867847675904,Will be on @foxandfriends. Enjoy!,FALSE,FALSE,FALSE,2017-06-23T15:07:50Z,Fri,5,No,Yes,No,No,Yes,No,Yes,No,No,Yes,not trump
878031806506848256,We're all thinking of you @SteveScalise! #TeamScalise ,FALSE,TRUE,TRUE,2017-06-23T04:27:50Z,Thurs,18,No,No,No,No,No,No,No,No,No,No,not trump
878027873650475008,"Together, we are going to MAKE AMERICA GREAT AGAIN!
#AmericaFirst���� ",FALSE,TRUE,TRUE,2017-06-23T04:12:12Z,Thurs,18,No,No,No,No,No,No,No,No,No,No,not trump
878019881353871360,"I am very supportive of the Senate #HealthcareBill. Look forward to making it really special! Remember, ObamaCare is dead.",FALSE,FALSE,TRUE,2017-06-23T03:40:27Z,Thurs,17,No,No,No,No,Yes,No,Yes,No,No,Yes,not trump
878013639613186049,"Mexico was just ranked the second deadliest country in the world, after only Syria. Drug trade is largely the cause. We will BUILD THE WALL!",FALSE,TRUE,FALSE,2017-06-23T03:15:39Z,Thurs,17,No,No,No,No,No,No,Yes,No,No,Yes,not trump
878006964072189952,"As promised, our campaign against the MS-13 gang continues. 

""@ICEgov Busts 39 MS-13 Members in New York Operation""
",FALSE,TRUE,FALSE,2017-06-23T02:49:07Z,Thurs,16,Yes,No,No,Yes,No,Yes,No,No,No,Yes,not trump
877932956458795008,"...whether there are ""tapes"" or recordings of my conversations with James Comey, but I did not make, and do not have, any such recordings.",FALSE,FALSE,FALSE,2017-06-22T21:55:02Z,Thurs,11,No,No,No,No,No,No,No,No,No,No,trump
877932907137966080,"With all of the recently reported electronic surveillance, intercepts, unmasking and illegal leaking of information, I have no idea...",FALSE,FALSE,FALSE,2017-06-22T21:54:50Z,Thurs,11,Yes,No,Yes,Yes,No,Yes,Yes,Yes,No,No,trump
877892883352702976,I certainly hope the Democrats do not force Nancy P out. That would be very bad for the Republican Party - and please let Cryin' Chuck stay!,FALSE,FALSE,FALSE,2017-06-22T19:15:48Z,Thurs,9,Yes,Yes,Yes,Yes,Yes,Yes,Yes,Yes,Yes,Yes,trump
877891129194102785,"...Why did the DNC REFUSE to turn over its Server to the FBI, and still hasn't? It's all a big Dem scam and excuse for losing the election!",FALSE,FALSE,FALSE,2017-06-22T19:08:50Z,Thurs,9,Yes,No,No,No,No,Yes,No,Yes,No,No,trump
877889199353077760,...Why did Democratic National Committee turn down the DHS offer to protect against hacks (long prior to election). It's all a big Dem HOAX!,FALSE,FALSE,FALSE,2017-06-22T19:01:10Z,Thurs,9,Yes,Yes,Yes,No,No,Yes,Yes,Yes,Yes,Yes,trump
877879361130688512,"By the way, if Russia was working so hard on the 2016 Election, it all took place during the Obama Admin. Why didn't they stop them?",FALSE,FALSE,FALSE,2017-06-22T18:22:04Z,Thurs,8,No,No,No,No,No,No,Yes,No,No,No,trump
877878375045447680,Former Homeland Security Advisor Jeh Johnson is latest top intelligence official to state there was no grand scheme between Trump  Russia.,FALSE,FALSE,FALSE,2017-06-22T18:18:09Z,Thurs,8,No,Yes,No,Yes,Yes,Yes,Yes,No,Yes,Yes,trump
877846483021602816,Great night in Iowa - special people. Thank you!,FALSE,FALSE,FALSE,2017-06-22T16:11:25Z,Thurs,6,No,No,No,No,Yes,No,Yes,No,No,No,trump
877674738364989440,Thank you Kirkwood Community College. Heading to the U.S. Cellular Center now for an 8pmE MAKE AMERICA GREAT AGAIN… ,FALSE,TRUE,FALSE,2017-06-22T04:48:58Z,Wed,18,No,No,No,No,No,No,Yes,No,No,Yes,not trump
877663648713330688,Just landed in Iowa. See everyone soon! #MAGA����,FALSE,FALSE,TRUE,2017-06-22T04:04:54Z,Wed,18,No,No,No,No,No,No,Yes,No,No,No,not trump
877474368661618688,"Democrats would do much better as a party if they got together with Republicans on Healthcare,Tax Cuts,Security. Obstruction doesn't work!",FALSE,FALSE,FALSE,2017-06-21T15:32:46Z,Wed,5,No,No,No,No,No,Yes,No,Yes,No,No,trump
877372660455546880,"Well, the Special Elections are over and those that want to MAKE AMERICA GREAT AGAIN are 5 and O! All the Fake News, all the money spent = 0",FALSE,FALSE,FALSE,2017-06-21T08:48:37Z,Wed,22,Yes,Yes,No,No,Yes,Yes,Yes,No,Yes,Yes,trump
877363446530007040,Ralph Norman ran a fantastic race to win in the Great State of South Carolina's 5th District. We are all honored by your success tonight!,FALSE,FALSE,FALSE,2017-06-21T08:12:00Z,Wed,22,No,Yes,No,No,Yes,No,Yes,No,No,No,trump
877355739383287808,"Congratulations to Karen Handel on her big win in Georgia 6th. Fantastic job, we are all very proud of you!",FALSE,FALSE,FALSE,2017-06-21T07:41:23Z,Wed,21,No,Yes,No,No,Yes,No,Yes,No,No,Yes,trump
877353797760286720,"Thank you @FoxNews ""Huge win for President Trump and GOP in Georgia Congressional Special Election.""",FALSE,FALSE,FALSE,2017-06-21T07:33:40Z,Wed,21,No,No,No,No,Yes,No,Yes,No,Yes,Yes,trump
877350761742688256,Things are looking great for Karen H!,FALSE,FALSE,FALSE,2017-06-21T07:21:36Z,Wed,21,No,No,No,No,No,No,No,No,No,No,trump
877341043171241984,"It was a great honor to welcome President Petro Poroshenko of Ukraine to the @WhiteHouse today with @VP Pence.
➡️… ",FALSE,TRUE,FALSE,2017-06-21T06:42:59Z,Wed,20,No,No,No,No,No,No,Yes,No,No,Yes,not trump
877234140483121152,"While I greatly appreciate the efforts of President Xi  China to help with North Korea, it has not worked out. At least I know China tried!",FALSE,FALSE,FALSE,2017-06-20T23:38:11Z,Tues,13,No,No,No,No,No,No,Yes,No,No,Yes,trump
877204691851108353,The U.S. once again condemns the brutality of the North Korean regime as we mourn its latest victim. Video: ,FALSE,TRUE,FALSE,2017-06-20T21:41:10Z,Tues,11,Yes,No,No,Yes,No,Yes,No,Yes,No,No,not trump
877104262463008771,"KAREN HANDEL FOR CONGRESS. She will fight for lower taxes, great healthcare strong security-a hard worker who will never give up! VOTE TODAY",FALSE,FALSE,FALSE,2017-06-20T15:02:06Z,Tues,5,Yes,Yes,Yes,Yes,Yes,Yes,Yes,Yes,Yes,Yes,trump
877101173412638720,"Democrat Jon Ossoff, who wants to raise your taxes to the highest level and is weak on crime and security, doesn't even live in district.",FALSE,FALSE,FALSE,2017-06-20T14:49:50Z,Tues,4,Yes,Yes,No,Yes,Yes,Yes,Yes,No,Yes,Yes,trump
876964061027684352,"Big day tomorrow in Georgia and South Carolina. ObamaCare is dead. Dems want to raise taxes big! They can only obstruct, no ideas. Vote ""R""",FALSE,FALSE,FALSE,2017-06-20T05:45:00Z,Tues,19,Yes,Yes,No,Yes,Yes,Yes,Yes,Yes,Yes,Yes,trump
876948721468141573,Melania and I offer our deepest condolences to the family of Otto Warmbier. Full statement:  ,FALSE,TRUE,FALSE,2017-06-20T04:44:02Z,Mon,18,No,No,No,No,No,No,Yes,No,No,Yes,not trump
876921011668738050,"It was my great honor to welcome President @JC_Varela  Mrs. Varela from Panama this afternoon.��������
➡️… ",FALSE,TRUE,FALSE,2017-06-20T02:53:56Z,Mon,16,No,No,No,No,No,No,Yes,No,No,Yes,not trump
876901304207069185,"....because he doesn't even live there! He wants to raise taxes and kill healthcare. On Tuesday, #VoteKarenHandel.",FALSE,FALSE,TRUE,2017-06-20T01:35:37Z,Mon,15,No,No,No,Yes,No,Yes,No,Yes,No,No,not trump
876900944444837890,Karen Handel's opponent in #GA06 can't even vote in the district he wants to represent....,FALSE,FALSE,TRUE,2017-06-20T01:34:11Z,Mon,15,Yes,Yes,Yes,Yes,Yes,Yes,Yes,Yes,Yes,Yes,not trump
876899250071904256,....getting great border security and healthcare. #VoteRalphNorman tomorrow!,FALSE,FALSE,TRUE,2017-06-20T01:27:27Z,Mon,15,No,Yes,No,No,No,No,No,No,No,No,not trump
876899176562524160,"Ralph Norman, who is running for Congress in SC's 5th District, will be a fantastic help to me in cutting taxes, and....",FALSE,FALSE,FALSE,2017-06-20T01:27:10Z,Mon,15,Yes,No,Yes,Yes,No,Yes,No,Yes,No,Yes,trump
876896144944762880,My heartfelt thoughts and prayers are with the 7 @USNavy sailors of the #USSFitzgerald and their families. ➡️… ,FALSE,TRUE,TRUE,2017-06-20T01:15:07Z,Mon,15,No,No,No,No,Yes,No,Yes,Yes,No,Yes,not trump
876778344636928000,"The Dems want to stop tax cuts, good healthcare and Border Security.Their ObamaCare is dead with 100% increases in P's. Vote now for Karen H",FALSE,FALSE,FALSE,2017-06-19T17:27:01Z,Mon,7,Yes,Yes,No,No,Yes,Yes,Yes,Yes,Yes,Yes,trump
876558049565188096,Camp David is a very special place. An honor to have spent the weekend there. Military runs it so well and are so proud of what they do!,FALSE,FALSE,FALSE,2017-06-19T02:51:39Z,Sun,16,No,Yes,No,Yes,Yes,Yes,Yes,No,No,Yes,trump
876394578777174021,"The new Rasmussen Poll, one of the most accurate in the 2016 Election, just out with a Trump 50% Approval Rating.That's higher than O's #'s!",FALSE,FALSE,TRUE,2017-06-18T16:02:04Z,Sun,6,No,No,No,No,No,No,Yes,No,Yes,Yes,not trump
876390681056600066,"...massive regulation cuts, 36 new legislative bills signed, great new S.C.Justice, and Infrastructure, Healthcare and Tax Cuts in works!",FALSE,FALSE,FALSE,2017-06-18T15:46:35Z,Sun,5,No,No,No,No,No,Yes,No,Yes,No,No,trump
876388733607694336,"The MAKE AMERICA GREAT AGAIN agenda is doing very well despite the distraction of the Witch Hunt. Many new jobs, high business enthusiasm,..",FALSE,FALSE,FALSE,2017-06-18T15:38:51Z,Sun,5,Yes,Yes,Yes,Yes,Yes,Yes,Yes,No,Yes,No,trump
876079184417882116,Thoughts and prayers with the sailors of USS Fitzgerald and their families. Thank you to our Japanese allies for th… ,FALSE,TRUE,FALSE,2017-06-17T19:08:48Z,Sat,9,No,No,No,No,No,No,No,No,No,No,not trump
875888258407858176,Back from Miami where my Cuban/American friends are very happy with what I signed today. Another campaign promise that I did not forget!,FALSE,FALSE,FALSE,2017-06-17T06:30:08Z,Sat,20,No,Yes,No,No,Yes,Yes,Yes,No,No,Yes,trump
875843513761583104,,TRUE,FALSE,FALSE,2017-06-17T03:32:20Z,Fri,17,No,No,No,No,No,No,No,No,No,No,trump
875732813278048256,Great news! #MAGA ,FALSE,TRUE,TRUE,2017-06-16T20:12:27Z,Fri,10,No,No,No,No,No,No,No,No,No,No,not trump
875701471999864833,I am being investigated for firing the FBI Director by the man who told me to fire the FBI Director! Witch Hunt,FALSE,FALSE,FALSE,2017-06-16T18:07:55Z,Fri,8,Yes,No,Yes,Yes,No,Yes,Yes,No,No,Yes,trump
875698062030778368,"Despite the phony Witch Hunt going on in America, the economic  jobs numbers are great. Regulations way down, jobs and enthusiasm way up!",FALSE,FALSE,FALSE,2017-06-16T17:54:22Z,Fri,7,Yes,Yes,Yes,Yes,Yes,Yes,Yes,No,Yes,No,trump
875690204564258816,The Fake News Media hates when I use what has turned out to be my very powerful Social Media - over 100 million people! I can go around them,FALSE,FALSE,FALSE,2017-06-16T17:23:08Z,Fri,7,Yes,Yes,Yes,Yes,Yes,Yes,Yes,No,No,Yes,trump
875682853585129472,"After 7 months of investigations  committee hearings about my ""collusion with the Russians,""  nobody has been able to show any proof. Sad!",FALSE,FALSE,FALSE,2017-06-16T16:53:56Z,Fri,6,Yes,No,Yes,Yes,No,Yes,No,Yes,No,Yes,trump
875441788110110727,"Crooked H destroyed phones w/ hammer, 'bleached' emails,  had husband meet w/AG days before she was cleared-  they talk about obstruction?",FALSE,FALSE,FALSE,2017-06-16T00:56:01Z,Thurs,14,Yes,No,No,Yes,No,Yes,Yes,Yes,No,No,trump
875438639823675392,"Why is that Hillary Clintons family and Dems dealings with Russia are not looked at, but my non-dealings are?",FALSE,FALSE,FALSE,2017-06-16T00:43:31Z,Thurs,14,No,No,No,No,No,No,No,No,No,Yes,trump
874087477807599616,"Great numbers on the economy. All of our work, including the passage of many bills  regulation killing Executive Orders, now kicking in!",FALSE,FALSE,FALSE,2017-06-12T07:14:29Z,Mon,21,Yes,No,No,Yes,No,Yes,Yes,Yes,No,Yes,trump
874084433460154368,"My daughter, Ivanka, will be on @foxandfriends tomorrow morning. Enjoy!",FALSE,FALSE,FALSE,2017-06-12T07:02:23Z,Mon,21,No,Yes,No,No,Yes,No,Yes,No,No,Yes,trump
873884774041079808,"The Democrats have no message,  not on economics, not on taxes,  not on jobs, not on failing #Obamacare. They are only OBSTRUCTIONISTS!",FALSE,FALSE,TRUE,2017-06-11T17:49:00Z,Sun,7,Yes,Yes,No,Yes,No,Yes,No,Yes,No,No,trump
873879934040780801,I believe the James Comey leaks will be far more prevalent than anyone ever thought possible. Totally illegal? Very 'cowardly!',FALSE,FALSE,FALSE,2017-06-11T17:29:46Z,Sun,7,Yes,Yes,Yes,Yes,No,Yes,No,Yes,No,Yes,trump
873878232264822784,"...way up. Regulations way down. 600,000+ new jobs added. Unemployment down to 4.3%. Business and economic enthusiasm way up- record levels!",FALSE,FALSE,FALSE,2017-06-11T17:23:01Z,Sun,7,No,Yes,No,No,Yes,No,Yes,No,Yes,No,trump
873878061778907137,The #FakeNews MSM doesn't report the great economic news since Election Day. #DOW up 16%. #NASDAQ up 19.5%. Drilling  energy sector...,FALSE,FALSE,TRUE,2017-06-11T17:22:20Z,Sun,7,No,No,No,No,No,No,No,No,No,No,not trump
873183401620230144,Congratulations to Jeb Hensarling  Republicans on successful House vote to repeal major parts of the 2010 Dodd-Frank financial law. GROWTH!,FALSE,FALSE,FALSE,2017-06-09T19:22:00Z,Fri,9,Yes,Yes,No,No,Yes,Yes,Yes,Yes,Yes,Yes,trump
873131235614347264,Great reporting by @foxandfriends and so many others. Thank you!,FALSE,FALSE,FALSE,2017-06-09T15:54:43Z,Fri,5,No,No,No,No,No,No,No,No,No,No,not trump
873120139222306817,"Despite so many false statements and lies, total and complete vindication...and WOW, Comey is a leaker!",FALSE,FALSE,FALSE,2017-06-09T15:10:37Z,Fri,5,No,Yes,No,No,Yes,No,Yes,No,No,Yes,not trump
872427222392504320,"Getting ready to leave for Cincinnati, in the GREAT STATE of OHIO, to meet with ObamaCare victims and talk Healthcare  also Infrastructure!",FALSE,FALSE,FALSE,2017-06-07T17:17:13Z,Wed,7,No,Yes,No,No,No,Yes,Yes,Yes,Yes,No,trump
872419018799550464,"I will be nominating Christopher A. Wray, a man of impeccable credentials, to be the new Director of the FBI. Details to follow.",FALSE,FALSE,FALSE,2017-06-07T16:44:37Z,Wed,6,No,No,No,No,No,No,Yes,No,No,Yes,trump
872258719404482561,Senate passed the VA Accountability Act. The House should get this bill to my desk ASAP! We can’t tolerate substandard care for our vets.,FALSE,FALSE,FALSE,2017-06-07T06:07:39Z,Wed,20,Yes,No,No,No,No,Yes,Yes,Yes,No,Yes,trump
872253002266161153,"#ICYMI: Announcement of Air Traffic Control Initiative 

Watch➡️",FALSE,TRUE,TRUE,2017-06-07T05:44:56Z,Wed,19,No,Yes,No,Yes,No,No,No,No,No,No,not trump
872147965451882496,Today we remember the courage and bravery of our troops that stormed the beaches of Normandy 73 years ago. #DDay… ,FALSE,TRUE,TRUE,2017-06-06T22:47:33Z,Tues,12,No,No,No,No,No,No,Yes,No,No,No,not trump
872086906804240384,"...extremism, and all reference was pointing to Qatar. Perhaps this will be the beginning of the end to the horror of terrorism!",FALSE,FALSE,FALSE,2017-06-06T18:44:55Z,Tues,8,Yes,No,Yes,Yes,No,Yes,No,Yes,Yes,No,trump
872084870620520448,So good to see the Saudi Arabia visit with the King and 50 countries already paying off. They said they would take a hard line on funding...,FALSE,FALSE,FALSE,2017-06-06T18:36:50Z,Tues,8,No,Yes,No,No,Yes,No,Yes,No,Yes,Yes,trump
872064426568036353,"Sorry folks, but if I would have relied on the Fake News of CNN, NBC, ABC, CBS, washpost or nytimes, I would have had ZERO chance winning WH",FALSE,FALSE,FALSE,2017-06-06T17:15:36Z,Tues,7,No,Yes,Yes,No,Yes,Yes,Yes,Yes,Yes,Yes,trump
872062159789985792,During my recent trip to the Middle East I stated that there can no longer be funding of Radical Ideology. Leaders pointed to Qatar - look!,FALSE,FALSE,FALSE,2017-06-06T17:06:35Z,Tues,7,No,No,No,No,No,No,No,No,Yes,No,trump
872059997429022722,The FAKE MSM is working so hard trying to get me not to use Social Media. They hate that I can get the honest and unfiltered message out.,FALSE,FALSE,FALSE,2017-06-06T16:58:00Z,Tues,6,Yes,No,Yes,Yes,Yes,Yes,Yes,Yes,No,Yes,trump
872043300949295104,Big meeting today with Republican leadership concerning Tax Cuts and Healthcare. We are all pushing hard - must get it right!,FALSE,FALSE,FALSE,2017-06-06T15:51:39Z,Tues,5,No,No,No,No,No,Yes,No,Yes,No,No,trump
871899511525961728,"That's right, we need a TRAVEL BAN for certain DANGEROUS countries, not some politically correct term that won't help us protect our people!",FALSE,FALSE,FALSE,2017-06-06T06:20:17Z,Tues,20,No,No,No,Yes,No,Yes,Yes,No,No,No,trump
871725780535062528,"Pathetic excuse by London Mayor Sadiq Khan who had to think fast on his ""no reason to be alarmed"" statement. MSM is working hard to sell it!",FALSE,FALSE,FALSE,2017-06-05T18:49:56Z,Mon,8,No,No,Yes,Yes,No,Yes,Yes,Yes,No,Yes,trump
871722020278587393,".@foxandfriends  Dems are taking forever to approve my people, including Ambassadors. They are nothing but OBSTRUCTIONISTS! Want approvals.",FALSE,FALSE,FALSE,2017-06-05T18:35:00Z,Mon,8,No,No,No,No,Yes,No,Yes,No,No,Yes,trump
871679061847879682,In any event we are EXTREME VETTING people coming into the U.S. in order to help keep our country safe. The courts are slow and political!,FALSE,FALSE,FALSE,2017-06-05T15:44:18Z,Mon,5,No,Yes,No,No,Yes,No,Yes,No,No,Yes,not trump
871677472202477568,The Justice Dept. should ask for an expedited hearing of the watered down Travel Ban before the Supreme Court -  seek much tougher version!,FALSE,FALSE,FALSE,2017-06-05T15:37:59Z,Mon,5,Yes,Yes,No,Yes,No,Yes,Yes,No,No,Yes,trump
871675245043888128,"The Justice Dept. should have stayed with the original Travel Ban, not the watered down, politically correct version they submitted to S.C.",FALSE,FALSE,FALSE,2017-06-05T15:29:08Z,Mon,5,No,No,No,No,No,Yes,Yes,No,No,Yes,trump
871674214356484096,"People, the lawyers and the courts can call it whatever they want, but I am calling it what we need and what it is, a TRAVEL BAN!",FALSE,FALSE,FALSE,2017-06-05T15:25:02Z,Mon,5,No,No,No,No,No,Yes,No,No,No,No,trump
871331574649901056,Do you notice we are not having a gun debate right now? That's because they used knives and a truck!,FALSE,FALSE,FALSE,2017-06-04T16:43:30Z,Sun,6,Yes,No,No,Yes,No,Yes,Yes,No,No,Yes,trump
871328428963901440,"At least 7 dead and 48 wounded in terror attack and Mayor of London says there is ""no reason to be alarmed!""",FALSE,FALSE,FALSE,2017-06-04T16:31:00Z,Sun,6,Yes,No,No,Yes,No,Yes,Yes,No,No,No,trump
871325606901895168,We must stop being politically correct and get down to the business of security for our people. If we don't get smart it will only get worse,FALSE,FALSE,FALSE,2017-06-04T16:19:47Z,Sun,6,No,No,No,Yes,No,Yes,No,Yes,No,No,trump
871145660036378624,"Whatever the United States can do to help out in London and the U. K., we will be there - WE ARE WITH YOU. GOD BLESS!",FALSE,FALSE,FALSE,2017-06-04T04:24:45Z,Sat,18,No,Yes,No,Yes,Yes,No,Yes,No,No,Yes,trump
871143765473406976,"We need to be smart, vigilant and tough. We need the courts to give us back our rights. We need the Travel Ban as an extra level of safety!",FALSE,FALSE,FALSE,2017-06-04T04:17:13Z,Sat,18,No,No,No,Yes,No,Yes,Yes,Yes,No,Yes,trump
870709271477932032,"#MakeAmericaGreatAgain����
",FALSE,TRUE,TRUE,2017-06-02T23:30:41Z,Fri,13,No,No,No,No,No,No,No,No,No,No,not trump
870445001125355522,MAKE AMERICA GREAT AGAIN!,FALSE,FALSE,FALSE,2017-06-02T06:00:35Z,Fri,20,No,No,No,No,No,No,No,No,No,No,not trump
870355056327000065,"Join me live at the @WhiteHouse.

➡️ ",FALSE,TRUE,FALSE,2017-06-02T00:03:10Z,Thurs,14,No,No,No,No,No,No,Yes,No,No,No,not trump
870234811616677889,"The big story is the ""unmasking and surveillance"" of people that took place during the Obama Administration.",FALSE,FALSE,FALSE,2017-06-01T16:05:21Z,Thurs,6,No,No,No,Yes,No,No,No,No,No,No,trump
870083798981111808,"I will be announcing my decision on Paris Accord, Thursday at 3:00 P.M.  The White House Rose Garden.  MAKE AMERICA GREAT AGAIN!",FALSE,FALSE,FALSE,2017-06-01T06:05:17Z,Thurs,20,No,Yes,No,No,Yes,No,Yes,No,No,Yes,trump
870077441401905152,"Crooked Hillary Clinton now blames everybody but herself, refuses to say she was a terrible candidate. Hits Facebook  even Dems  DNC.",FALSE,FALSE,FALSE,2017-06-01T05:40:01Z,Thurs,19,Yes,No,Yes,Yes,No,Yes,Yes,Yes,No,No,trump
870035383458963456,"It was an honor to welcome the Prime Minister of Vietnam, Nguyễn Xuân Phúc to the @WhiteHouse this afternoon. ",FALSE,TRUE,FALSE,2017-06-01T02:52:54Z,Wed,16,No,No,No,No,No,No,Yes,No,No,Yes,not trump
869903459511918592,I will be announcing my decision on the Paris Accord over the next few days. MAKE AMERICA GREAT AGAIN!,FALSE,FALSE,FALSE,2017-05-31T18:08:41Z,Wed,8,No,No,No,No,No,No,Yes,No,No,Yes,trump
869902591005741056,"Hopefully Republican Senators, good people all, can quickly get together and pass a new (repeal  replace) HEALTHCARE bill. Add saved $'s.",FALSE,FALSE,FALSE,2017-05-31T18:05:14Z,Wed,8,No,Yes,No,No,Yes,No,Yes,No,Yes,Yes,trump
869874798087819264,"Kathy Griffin should be ashamed of herself. My children, especially my 11 year old son, Barron, are having a hard time with this. Sick!",FALSE,FALSE,FALSE,2017-05-31T16:14:48Z,Wed,6,No,Yes,Yes,No,No,Yes,No,Yes,No,No,trump
869867413776601088,"...case against him  now wants to clear his name by showing ""the false or misleading testimony by James Comey, John Brennan..."" Witch Hunt!",FALSE,FALSE,FALSE,2017-05-31T15:45:27Z,Wed,5,Yes,No,Yes,Yes,No,Yes,No,Yes,No,Yes,trump
869865463584620544,"So now it is reported that the Democrats, who have excoriated Carter Page about Russia, don't want him to testify. He blows away their....",FALSE,FALSE,FALSE,2017-05-31T15:37:42Z,Wed,5,No,No,No,No,No,No,No,No,No,No,not trump
869858333477523458,"Who can figure out the true meaning of ""covfefe"" ???  Enjoy!",FALSE,FALSE,FALSE,2017-05-31T15:09:22Z,Wed,5,No,Yes,No,No,Yes,No,Yes,No,No,Yes,trump
869553853750013953,"The U.S. Senate should switch to 51 votes, immediately, and get Healthcare and TAX CUTS approved, fast and easy. Dems would do it, no doubt!",FALSE,FALSE,FALSE,2017-05-30T18:59:28Z,Tues,8,No,Yes,No,Yes,No,Yes,Yes,Yes,No,Yes,trump
869509894688387072,Russian officials must be laughing at the U.S.  how a lame excuse for why the Dems lost the election has taken over the Fake News.,FALSE,FALSE,FALSE,2017-05-30T16:04:48Z,Tues,6,No,No,No,No,Yes,Yes,Yes,Yes,No,No,trump
869503804307275776,"We have a MASSIVE trade deficit with Germany, plus they pay FAR LESS than they should on NATO  military. Very bad for U.S. This will change",FALSE,FALSE,FALSE,2017-05-30T15:40:36Z,Tues,5,Yes,Yes,Yes,Yes,Yes,Yes,Yes,Yes,No,Yes,trump
869170615881793536,I look forward to paying my respects to our brave men and women on this Memorial Day at Arlington National Cemetery later this morning.,FALSE,FALSE,FALSE,2017-05-29T17:36:37Z,Mon,7,No,No,No,Yes,No,Yes,Yes,Yes,No,Yes,trump
869170351049240576,"Today we remember the men and women who made the ultimate sacrifice in serving. Thank you, God bless your families  God bless the USA!",FALSE,FALSE,FALSE,2017-05-29T17:35:34Z,Mon,7,No,Yes,No,Yes,Yes,No,Yes,Yes,No,Yes,trump
869166145894535169,"North Korea has shown great disrespect for their neighbor, China, by shooting off yet another ballistic missile...but China is trying hard!",FALSE,FALSE,FALSE,2017-05-29T17:18:52Z,Mon,7,Yes,Yes,No,Yes,No,Yes,Yes,No,No,Yes,trump
869164414662049793,"Honoring the men and women who made the ultimate sacrifice in service to America. Home of the free, because of the brave. #MemorialDay����",FALSE,FALSE,TRUE,2017-05-29T17:11:59Z,Mon,7,No,Yes,No,No,No,No,No,Yes,No,No,not trump
865387523371143168,,TRUE,FALSE,FALSE,2017-05-19T07:03:58Z,Fri,21,No,No,No,No,No,No,No,No,No,No,trump
865207118785372160,"With all of the illegal acts that took place in the Clinton campaign  Obama Administration, there was never a special counsel appointed!",FALSE,FALSE,FALSE,2017-05-18T19:07:06Z,Thurs,9,Yes,No,Yes,Yes,Yes,Yes,Yes,Yes,No,Yes,trump
865173176854204416,This is the single greatest witch hunt of a politician in American history!,FALSE,FALSE,FALSE,2017-05-18T16:52:14Z,Thurs,6,Yes,No,Yes,Yes,No,Yes,No,No,No,No,trump
864511331029921792,'U.S. Industrial Production Surged in April' ,FALSE,TRUE,FALSE,2017-05-16T21:02:17Z,Tues,11,No,Yes,No,No,No,No,Yes,No,No,No,not trump
864452996129853444,"I have been asking Director Comey  others, from the beginning of my administration, to find the LEAKERS in the intelligence community.....",FALSE,FALSE,FALSE,2017-05-16T17:10:29Z,Tues,7,No,No,No,Yes,Yes,No,Yes,No,No,Yes,trump
864438529472049152,"...to terrorism and airline flight safety. Humanitarian reasons, plus I want Russia to greatly step up their fight against ISIS  terrorism.",FALSE,FALSE,FALSE,2017-05-16T16:13:00Z,Tues,6,Yes,Yes,Yes,Yes,Yes,Yes,Yes,Yes,Yes,Yes,trump
864436162567471104,"As President I wanted to share with Russia (at an openly scheduled W.H. meeting) which I have the absolute right to do, facts pertaining....",FALSE,FALSE,FALSE,2017-05-16T16:03:36Z,Tues,6,No,Yes,No,No,Yes,No,Yes,No,No,Yes,trump
864296272844529664,"#PeaceOfficersMemorialDay and
#PoliceWeek Proclamation:  ",FALSE,TRUE,TRUE,2017-05-16T06:47:43Z,Tues,20,No,No,No,No,No,No,No,No,No,No,not trump
864207293289771012,"Today, I delivered remarks at the 36th Annual National Peace Officers' Memorial Service. 
#NationalPoliceWeek
Watch… ",FALSE,TRUE,TRUE,2017-05-16T00:54:09Z,Mon,14,No,Yes,No,Yes,Yes,No,Yes,No,No,Yes,not trump
863774341921742848,"Wishing @FLOTUS Melania and all of the great mothers out there a wonderful day ahead with family and friends! 

Happy #MothersDay",FALSE,FALSE,TRUE,2017-05-14T20:13:45Z,Sun,10,No,Yes,No,No,Yes,No,Yes,No,Yes,Yes,trump
863452412459307009,Will be interviewed by @JudgeJeanine on @FoxNews at 9:00 P.M. (Saturday night). Enjoy!,FALSE,FALSE,FALSE,2017-05-13T22:54:31Z,Sat,12,No,Yes,No,No,Yes,No,Yes,No,No,Yes,trump
863139099825364994,"Today, @FLOTUS hosted a Military Mother's Day Event in the East Room of the WH. It was an honor to stop by, say hel… ",FALSE,TRUE,FALSE,2017-05-13T02:09:32Z,Fri,16,No,No,No,Yes,No,No,Yes,No,No,Yes,not trump
863020954427043840,"China just agreed that the U.S. will be allowed to sell beef, and other major products, into China once again. This is REAL news!",FALSE,FALSE,FALSE,2017-05-12T18:20:04Z,Fri,8,No,No,No,No,No,No,Yes,No,No,Yes,trump
863014620516233216,"When James Clapper himself, and virtually everyone else with knowledge of the witch hunt, says there is no collusion, when does it end?",FALSE,FALSE,FALSE,2017-05-12T17:54:54Z,Fri,7,Yes,No,Yes,Yes,No,Yes,Yes,Yes,No,No,trump
863007411132649473,"James Comey better hope that there are no ""tapes"" of our conversations before he starts leaking to the press!",FALSE,FALSE,FALSE,2017-05-12T17:26:15Z,Fri,7,No,Yes,No,No,Yes,No,Yes,No,Yes,Yes,trump
863002719400976384,"...Maybe the best thing to do would be to cancel all future ""press briefings"" and hand out written responses for the sake of accuracy???",FALSE,FALSE,FALSE,2017-05-12T17:07:36Z,Fri,7,No,No,No,No,No,Yes,No,Yes,No,No,trump
863000553265270786,"As a very active President with lots of things happening, it is not possible for my surrogates to stand at podium with perfect accuracy!....",FALSE,FALSE,FALSE,2017-05-12T16:59:00Z,Fri,6,No,Yes,No,No,Yes,No,Yes,No,No,Yes,trump
862999243560288256,The Fake Media is working overtime today!,FALSE,FALSE,FALSE,2017-05-12T16:53:48Z,Fri,6,No,No,No,No,No,Yes,Yes,No,No,No,trump
862998775731818496,"Again, the story that there was collusion between the Russians  Trump campaign was fabricated by Dems as an excuse for losing the election.",FALSE,FALSE,FALSE,2017-05-12T16:51:56Z,Fri,6,Yes,No,Yes,Yes,No,Yes,No,Yes,Yes,No,trump
862788002594127873,"Yesterday, on the same day- I had meetings with Russian Foreign Minister Sergei Lavrov and the FM of Ukraine, Pavlo… ",FALSE,TRUE,FALSE,2017-05-12T02:54:24Z,Thurs,16,No,No,No,No,No,Yes,No,No,No,No,not trump
862767872879325185,Russia must be laughing up their sleeves watching as the U.S. tears itself apart over a Democrat EXCUSE for losing the election.,FALSE,FALSE,FALSE,2017-05-12T01:34:25Z,Thurs,15,Yes,No,No,No,Yes,Yes,Yes,Yes,No,No,trump
862758098892619780,We finally agree on something Rosie. ,FALSE,TRUE,FALSE,2017-05-12T00:55:34Z,Thurs,14,No,Yes,Yes,No,Yes,No,Yes,No,Yes,Yes,not trump
862753016193089536,"'Presidential Executive Order on the Establishment of Presidential Advisory Commission on Election Integrity'
➡️… ",FALSE,TRUE,FALSE,2017-05-12T00:35:22Z,Thurs,14,No,No,No,No,No,No,Yes,No,No,Yes,not trump
862752672683839488,'Presidential Executive Order on Strengthening the Cybersecurity of Federal Networks and Critical Infrastructure'… ,FALSE,TRUE,FALSE,2017-05-12T00:34:00Z,Thurs,14,No,No,No,No,Yes,No,Yes,No,No,Yes,not trump
862460991451344896,"The Democrats should be ashamed. This is a disgrace!
#DrainTheSwamp ",FALSE,TRUE,TRUE,2017-05-11T05:14:58Z,Thurs,19,Yes,No,Yes,No,No,Yes,No,Yes,No,No,not trump
862387734492663808,Dems have been complaining for months  months about Dir. Comey. Now that he has been fired they PRETEND to be aggrieved. Phony hypocrites!,FALSE,FALSE,FALSE,2017-05-11T00:23:52Z,Wed,14,Yes,No,Yes,No,No,Yes,No,No,No,No,trump
862290442129461249,The Roger Stone report on @CNN is false - Fake News. Have not spoken to Roger in a long time - had nothing to do with my decision.,FALSE,FALSE,FALSE,2017-05-10T17:57:16Z,Wed,7,Yes,Yes,No,No,No,Yes,No,No,No,No,trump
862286091759611905,"caught, he cried like a baby and begged for forgiveness...and now he is judge  jury. He should be the one who is investigated for his acts.",FALSE,FALSE,FALSE,2017-05-10T17:39:59Z,Wed,7,No,No,No,No,Yes,No,Yes,No,No,Yes,trump
862283792559616000,"years, as a pol in Connecticut, Blumenthal would talk of his great bravery and conquests in Vietnam - except he was never there. When....",FALSE,FALSE,FALSE,2017-05-10T17:30:51Z,Wed,7,No,No,No,No,No,No,Yes,No,No,No,trump
862282202188566529,"Watching Senator Richard Blumenthal speak of Comey is a joke. ""Richie"" devised one of the greatest military frauds in U.S. history. For....",FALSE,FALSE,FALSE,2017-05-10T17:24:32Z,Wed,7,No,No,No,Yes,No,Yes,No,No,No,No,trump
862267781336752128,"Comey lost the confidence of almost everyone in Washington, Republican and Democrat alike. When things calm down, they will be thanking me!",FALSE,FALSE,FALSE,2017-05-10T16:27:13Z,Wed,6,No,No,No,Yes,Yes,Yes,Yes,Yes,No,Yes,trump
862265729718128641,"James Comey will be replaced by someone who will do a far better job, bringing back the spirit and prestige of the FBI.",FALSE,FALSE,FALSE,2017-05-10T16:19:04Z,Wed,6,No,No,No,No,Yes,No,Yes,No,No,Yes,trump
862263649821503489,"The Democrats have said some of the worst things about James Comey, including the fact that he should be fired, but now they play so sad!",FALSE,FALSE,FALSE,2017-05-10T16:10:48Z,Wed,6,No,No,No,No,No,No,Yes,No,No,Yes,trump
862135824745467905,"Cryin' Chuck Schumer stated recently, ""I do not have confidence in him (James Comey) any longer."" Then acts so indignant.  #draintheswamp",FALSE,FALSE,TRUE,2017-05-10T07:42:52Z,Wed,21,Yes,No,No,Yes,Yes,Yes,Yes,No,No,Yes,not trump
862059314277748736,"'Manufacturing openings, hires rise to highest levels of the recovery'
",FALSE,TRUE,FALSE,2017-05-10T02:38:51Z,Tues,16,No,Yes,No,Yes,Yes,Yes,Yes,No,Yes,No,not trump
861993986436866049,"It was an honor to welcome the Teachers of the Year to the WH last month. Today, we honor and thank all teachers!… ",FALSE,TRUE,FALSE,2017-05-09T22:19:16Z,Tues,12,No,No,No,No,No,No,Yes,No,No,Yes,not trump
861715019674910721,Biggest story today between Clapper  Yates is on surveillance. Why doesn't the media report on this? #FakeNews!,FALSE,FALSE,TRUE,2017-05-09T03:50:45Z,Mon,17,No,No,No,Yes,No,No,No,No,No,No,not trump
861713823505494016,"The Russia-Trump collusion story is a total hoax, when will this taxpayer funded charade end?",FALSE,FALSE,FALSE,2017-05-09T03:46:00Z,Mon,17,Yes,No,Yes,Yes,No,Yes,No,Yes,Yes,No,trump
861713233786404864,Sally Yates made the fake media extremely unhappy today --- she said nothing but old news!,FALSE,FALSE,FALSE,2017-05-09T03:43:39Z,Mon,17,Yes,No,Yes,No,No,Yes,No,Yes,Yes,No,trump
861712617299210240,"Director Clapper reiterated what everybody, including the fake media already knows- there is ""no evidence"" of collusion w/ Russia and Trump.",FALSE,FALSE,FALSE,2017-05-09T03:41:12Z,Mon,17,Yes,No,Yes,Yes,No,Yes,Yes,Yes,Yes,Yes,trump
861637456281690113,"Honored to welcome Georgia Prime Minister, Giorgi Kvirikashvili to the @WhiteHouse today with @VP Mike Pence.… ",FALSE,TRUE,FALSE,2017-05-08T22:42:32Z,Mon,12,No,No,No,No,No,No,Yes,No,No,No,not trump
861592420043157504,"Ask Sally Yates, under oath, if she knows how classified information got into the newspapers soon after she explained it to W.H. Counsel.",FALSE,FALSE,FALSE,2017-05-08T19:43:35Z,Mon,9,No,No,No,No,No,No,Yes,No,Yes,Yes,trump
861550676505219073,General Flynn was given the highest security clearance by the Obama Administration - but the Fake News seldom likes talking about that.,FALSE,FALSE,FALSE,2017-05-08T16:57:42Z,Mon,6,No,Yes,No,Yes,Yes,Yes,Yes,No,Yes,Yes,trump
861544307043467264,Congratulations to @PGA_JohnDaly on his big win yesterday. John is a great guy who never gave up - and now a winner again!,FALSE,FALSE,FALSE,2017-05-08T16:32:24Z,Mon,6,No,Yes,Yes,No,Yes,Yes,Yes,No,Yes,No,trump
861354654856249344,Rexnord of Indiana made a deal during the Obama Administration to move to Mexico. Fired their employees. Tax product big that's sold in U.S.,FALSE,FALSE,FALSE,2017-05-08T03:58:47Z,Sun,17,No,Yes,No,No,Yes,Yes,Yes,Yes,Yes,Yes,trump
861300169438113793,Congratulations to Emmanuel Macron on his big win today as the next President of France. I look very much forward to working with him!,FALSE,FALSE,FALSE,2017-05-08T00:22:17Z,Sun,14,No,No,No,No,No,No,Yes,No,No,Yes,trump
861201362834665472,Republican Senators will not let the American people down! ObamaCare premiums and deductibles are way up - it was a lie and it is dead!,FALSE,FALSE,FALSE,2017-05-07T17:49:39Z,Sun,7,Yes,No,Yes,No,No,Yes,No,Yes,No,No,trump
861177649179373569,When will the Fake Media ask about the Dems dealings with Russia  why the DNC wouldn't allow the FBI to check their server or investigate?,FALSE,FALSE,FALSE,2017-05-07T16:15:26Z,Sun,6,No,No,No,No,No,Yes,Yes,No,No,Yes,trump
860987464114110465,"The reason I am staying in Bedminster, N. J., a beautiful community, is that staying in NYC is much more expensive and disruptive. Meetings!",FALSE,FALSE,FALSE,2017-05-07T03:39:42Z,Sat,17,No,No,No,No,Yes,No,Yes,No,No,No,not trump
857604709829529601,What's more important? Rebuilding our military - or bailing out insurance companies? Ask the Democrats.,FALSE,FALSE,FALSE,2017-04-27T19:37:51Z,Thurs,9,No,No,No,Yes,No,No,Yes,No,No,Yes,trump
857604623531749376,I promise to rebuild our military and secure our border. Democrats want to shut down the government. Politics!,FALSE,FALSE,FALSE,2017-04-27T19:37:30Z,Thurs,9,Yes,No,No,Yes,Yes,Yes,Yes,No,No,Yes,trump
857604537003200512,I want to help our miners while the Democrats are blocking their healthcare.,FALSE,FALSE,FALSE,2017-04-27T19:37:09Z,Thurs,9,No,No,No,No,No,No,No,No,No,No,trump
857557522584088576,The Democrats want to shut government if we don't bail out Puerto Rico and give billions to their insurance companies for OCare failure. NO!,FALSE,FALSE,FALSE,2017-04-27T16:30:20Z,Thurs,6,No,No,Yes,Yes,No,Yes,No,Yes,No,No,trump
857555256003227648,"...subject to the fact that if we do not reach a fair deal for all, we will then terminate NAFTA. Relationships are good-deal very possible!",FALSE,FALSE,FALSE,2017-04-27T16:21:20Z,Thurs,6,No,Yes,No,No,Yes,Yes,Yes,Yes,Yes,Yes,trump
857552956836786177,I received calls from the President of Mexico and the Prime Minister of Canada asking to renegotiate NAFTA rather than terminate. I agreed..,FALSE,FALSE,FALSE,2017-04-27T16:12:12Z,Thurs,6,No,Yes,No,No,No,Yes,Yes,Yes,No,Yes,trump
857370270776086528,"Democrats are trying to bail out insurance companies from disastrous #ObamaCare, and Puerto Rico with your tax dollars. Sad!",FALSE,FALSE,TRUE,2017-04-27T04:06:16Z,Wed,18,Yes,No,No,Yes,No,Yes,No,Yes,No,No,not trump
857360510534209536,"A great great honor to welcome  recognize the National Teacher of the Year, as well as the Teacher of the Year fro… ",FALSE,TRUE,FALSE,2017-04-27T03:27:29Z,Wed,17,No,No,No,No,No,No,Yes,No,No,Yes,not trump
857246245672366081,"HAPPY BIRTHDAY to our @FLOTUS, Melania! 
 ",FALSE,TRUE,FALSE,2017-04-26T19:53:26Z,Wed,9,No,Yes,No,No,Yes,No,Yes,No,Yes,Yes,not trump
857185261029126144,The U.S. recorded its slowest economic growth in five years (2016). GDP up only 1.6%. Trade deficits hurt the economy very badly.,FALSE,FALSE,FALSE,2017-04-26T15:51:06Z,Wed,5,Yes,No,No,Yes,No,Yes,Yes,Yes,No,Yes,trump
857182179469774848,"...the Ninth Circuit, which has a terrible record of being overturned (close to 80%). They used to call this ""judge shopping!"" Messy system.",FALSE,FALSE,FALSE,2017-04-26T15:38:51Z,Wed,5,Yes,Yes,Yes,Yes,Yes,Yes,Yes,Yes,Yes,Yes,trump
857180178736459776,"Out of our very big country, with many choices, does everyone notice that both the ""ban"" case and now the ""sanctuary"" case is brought in ...",FALSE,FALSE,FALSE,2017-04-26T15:30:54Z,Wed,5,No,Yes,No,Yes,Yes,Yes,Yes,Yes,No,Yes,trump
857177434210304001,First the Ninth Circuit rules against the ban  now it hits again on sanctuary cities-both ridiculous rulings. See you in the Supreme Court!,FALSE,FALSE,FALSE,2017-04-26T15:20:00Z,Wed,5,Yes,Yes,Yes,Yes,Yes,Yes,Yes,No,No,Yes,trump
857014413081137154,"'Presidential Executive Order on Promoting Agriculture and Rural Prosperity in America'
Executive Order:… ",FALSE,TRUE,FALSE,2017-04-26T04:32:13Z,Tues,18,No,No,No,No,No,No,Yes,No,No,No,not trump
856928555179143168,"Remarks at the United States Holocaust Memorial Museum's National Days of Remembrance. 
Full remarks:… ",FALSE,TRUE,FALSE,2017-04-25T22:51:03Z,Tues,12,Yes,No,Yes,Yes,No,Yes,Yes,Yes,No,Yes,not trump
856849388026687492,"Don't let the fake media tell you that I have changed my position on the WALL. It will get built and help stop drugs, human trafficking etc.",FALSE,FALSE,FALSE,2017-04-25T17:36:28Z,Tues,7,No,No,No,No,No,Yes,No,No,No,No,trump
856847826663460865,Canada has made business for our dairy farmers in Wisconsin and other border states very difficult. We will not stand for this. Watch!,FALSE,FALSE,FALSE,2017-04-25T17:30:15Z,Tues,7,No,Yes,No,Yes,No,No,No,No,No,No,trump
856830933709750272,Proud of @IvankaTrump for her leadership on these important issues. Looking forward to hearing her speak at the W20! ,FALSE,TRUE,FALSE,2017-04-25T16:23:08Z,Tues,6,No,Yes,No,Yes,Yes,Yes,Yes,No,No,Yes,not trump
856606707463725057,"Today, I signed the Holocaust Remembrance Proclamation:  #ICYMI- My statement last night at… ",FALSE,TRUE,TRUE,2017-04-25T01:32:08Z,Mon,15,Yes,No,Yes,Yes,No,Yes,Yes,Yes,No,Yes,not trump
856557986474491904,"If our healthcare plan is approved, you will see real healthcare and premiums will start tumbling down. ObamaCare is in a death spiral!",FALSE,FALSE,FALSE,2017-04-24T22:18:32Z,Mon,12,Yes,Yes,Yes,Yes,No,Yes,Yes,Yes,Yes,Yes,trump
856531163799859201,"....the wall is not built, which it will be, the drug situation will NEVER be fixed the way it should be!
#BuildTheWall",FALSE,FALSE,TRUE,2017-04-24T20:31:57Z,Mon,10,No,No,No,No,No,No,No,No,No,Yes,not trump
856484873133060101,The Wall is a very important tool in stopping drugs from pouring into our country and poisoning our youth (and many others)! If,FALSE,FALSE,FALSE,2017-04-24T17:28:01Z,Mon,7,Yes,Yes,Yes,Yes,Yes,Yes,Yes,No,Yes,Yes,trump
856481786938916865,"The two fake news polls released yesterday, ABC  NBC, while containing some very positive info, were totally wrong in General E. Watch!",FALSE,FALSE,FALSE,2017-04-24T17:15:45Z,Mon,7,No,Yes,No,Yes,No,Yes,Yes,No,No,Yes,trump
856234989591121922,...popular vote. ABC News/Washington Post Poll (wrong big on election) said almost all stand by their vote on me  53% said strong leader.,FALSE,FALSE,FALSE,2017-04-24T00:55:04Z,Sun,14,Yes,Yes,No,No,Yes,Yes,Yes,Yes,Yes,Yes,trump
856233279841849344,New polls out today are very good considering that much of the media is FAKE and almost always negative. Would still beat Hillary in .....,FALSE,FALSE,FALSE,2017-04-24T00:48:16Z,Sun,14,No,Yes,No,No,Yes,Yes,Yes,Yes,Yes,Yes,trump
856172056932700164,"Eventually, but at a later date so we can get started early, Mexico will be paying, in some form, for the badly needed border wall.",FALSE,FALSE,FALSE,2017-04-23T20:44:59Z,Sun,10,No,No,No,No,No,Yes,No,Yes,No,No,trump
856171332521820165,The Democrats don't want money from budget going to border wall despite the fact that it will stop drugs and very bad MS 13 gang members.,FALSE,FALSE,FALSE,2017-04-23T20:42:07Z,Sun,10,Yes,Yes,Yes,Yes,Yes,Yes,Yes,Yes,Yes,Yes,trump
856150719656755200,ObamaCare is in serious trouble. The Dems need big money to keep it going - otherwise it dies far sooner than anyone would have thought.,FALSE,FALSE,FALSE,2017-04-23T19:20:12Z,Sun,9,Yes,Yes,No,No,Yes,No,Yes,No,Yes,Yes,trump
856147612952612864,"Thank you Lake Worth, Florida. @foxandfriends",FALSE,FALSE,FALSE,2017-04-23T19:07:52Z,Sun,9,No,No,No,No,No,No,Yes,No,No,No,trump
856146924705120256,Very interesting election currently taking place in France.,FALSE,FALSE,FALSE,2017-04-23T19:05:07Z,Sun,9,No,No,No,No,No,No,Yes,No,No,No,trump
855901315305795584,I am committed to keeping our air and water clean but always remember that economic growth enhances environmental protection. Jobs matter!,FALSE,FALSE,FALSE,2017-04-23T02:49:10Z,Sat,16,No,No,No,No,Yes,No,Yes,No,No,Yes,not trump
855859245023211520,"Today on Earth Day, we celebrate our beautiful forests, lakes and land. We stand committed to preserving the natural beauty of our nation.",FALSE,FALSE,FALSE,2017-04-23T00:01:59Z,Sat,14,No,No,No,No,Yes,No,Yes,No,No,Yes,trump
855817226078879748,Big TAX REFORM AND TAX REDUCTION will be announced next Wednesday.,FALSE,FALSE,FALSE,2017-04-22T21:15:01Z,Sat,11,No,No,No,No,No,Yes,Yes,Yes,No,No,trump
855816071663812608,Next Saturday night I will be holding a BIG rally in Pennsylvania. Look forward to it!,FALSE,FALSE,FALSE,2017-04-22T21:10:26Z,Sat,11,No,No,No,No,No,No,Yes,No,No,No,trump
855814859069558784,Getting ready to visit Walter Reed Medical Center with Melania. Looking forward to seeing our bravest and greatest Americans!,FALSE,FALSE,FALSE,2017-04-22T21:05:37Z,Sat,11,No,Yes,No,Yes,No,No,Yes,No,No,Yes,trump
855626715707650048,"After 5 SB victories since 2002, it was my honor to give Bob Kraft, Coach Belichick, and the players their first to… ",FALSE,TRUE,FALSE,2017-04-22T08:38:00Z,Sat,22,No,No,No,No,No,No,Yes,No,No,Yes,not trump
855517053238870019,"WELCOME HOME, AYA!
#GodBlessTheUSA���� ",FALSE,TRUE,TRUE,2017-04-22T01:22:14Z,Fri,15,No,No,No,No,No,No,No,No,No,No,not trump
855406847200768000,"China is very much the economic lifeline to North Korea so, while nothing is easy, if they want to solve the North Korean problem, they will",FALSE,FALSE,FALSE,2017-04-21T18:04:19Z,Fri,8,No,No,No,Yes,No,Yes,No,Yes,No,No,trump
855373184861962240,"No matter how much I accomplish during the ridiculous standard of the first 100 days,  it has been a lot (including S.C.), media will kill!",FALSE,FALSE,FALSE,2017-04-21T15:50:33Z,Fri,5,Yes,No,Yes,Yes,Yes,Yes,Yes,Yes,No,No,trump
855368516920332289,Another terrorist attack in Paris. The people of France will not take much more of this. Will have a big effect on presidential election!,FALSE,FALSE,FALSE,2017-04-21T15:32:01Z,Fri,5,Yes,No,Yes,Yes,No,Yes,No,Yes,Yes,No,trump
855142466034556928,"We're going to use American steel, we're going to use American labor, we are going to come first in all deals. ➡️… ",FALSE,TRUE,FALSE,2017-04-21T00:33:46Z,Thurs,14,No,Yes,No,No,Yes,No,Yes,No,Yes,Yes,not trump
855055509455593472,"Failing @nytimes, which has been calling me wrong for two years, just got caught in a big lie concerning New England Patriots visit to W.H.",FALSE,FALSE,FALSE,2017-04-20T18:48:14Z,Thurs,8,Yes,Yes,Yes,Yes,No,Yes,Yes,Yes,No,No,trump
849330281412792320,".@WhiteHouse #CEOTownHall
➡️ ",FALSE,TRUE,TRUE,2017-04-04T23:38:13Z,Tues,13,No,No,No,No,No,No,No,No,No,No,not trump
848983209580822529,It was an honor to welcome President Al Sisi of Egypt to the @WhiteHouse as we renew the historic partnership betwe… ,FALSE,TRUE,FALSE,2017-04-04T00:39:05Z,Mon,14,No,No,No,No,No,No,Yes,No,No,Yes,not trump
848957498040217603,Looking forward to hosting our heroes from the Wounded Warrior Project (@WWP) Soldier Ride to the @WhiteHouse on Th… ,FALSE,TRUE,FALSE,2017-04-03T22:56:55Z,Mon,12,Yes,No,No,Yes,No,No,Yes,Yes,No,No,not trump
848928217138384896,"Getting ready to meet President al-Sisi of Egypt. On behalf of the United States, I look forward to a long and wonderful relationship.",FALSE,FALSE,FALSE,2017-04-03T21:00:33Z,Mon,11,No,Yes,No,No,Yes,No,Yes,No,Yes,Yes,trump
848880519458717698,".@FoxNews from multiple sources: ""There was electronic surveillance of Trump, and people close to Trump. This is unprecedented."" @FBI",FALSE,FALSE,FALSE,2017-04-03T17:51:01Z,Mon,7,No,No,No,Yes,No,No,No,No,Yes,No,trump
848857910297980928,Did Hillary Clinton ever apologize for receiving the answers to the debate? Just asking!,FALSE,FALSE,FALSE,2017-04-03T16:21:11Z,Mon,6,No,Yes,No,No,Yes,No,Yes,Yes,Yes,Yes,trump
848856822312292354,Was the brother of John Podesta paid big money to get the sanctions on Russia lifted? Did Hillary know?,FALSE,FALSE,FALSE,2017-04-03T16:16:52Z,Mon,6,Yes,Yes,Yes,No,Yes,Yes,Yes,No,Yes,Yes,trump
848841326183534594,"Such amazing reporting on unmasking and the crooked scheme against us by @foxandfriends. ""Spied on before nomination."" The real story.",FALSE,FALSE,FALSE,2017-04-03T15:15:17Z,Mon,5,No,No,No,No,No,Yes,Yes,No,No,Yes,trump
848701201315188736,"Melania and I are honored to light up the @WhiteHouse this evening, for 
#WorldAutismAwarenessDay. Join us  #LIUB.… ",FALSE,TRUE,TRUE,2017-04-03T05:58:29Z,Mon,19,No,No,No,No,No,No,Yes,No,No,No,not trump
848529014667055105,The real story turns out to be SURVEILLANCE and LEAKING! Find the leakers.,FALSE,FALSE,FALSE,2017-04-02T18:34:16Z,Sun,8,No,No,No,Yes,No,No,Yes,No,No,Yes,trump
848521325480202240,"Talks on Repealing and Replacing ObamaCare are, and have been, going on, and will continue until such time as a deal is hopefully struck.",FALSE,FALSE,FALSE,2017-04-02T18:03:43Z,Sun,8,No,Yes,No,No,Yes,No,Yes,No,Yes,Yes,trump
848519587675201538,Anybody (especially  Fake News media) who thinks that Repeal  Replace of ObamaCare is dead does not know the love and strength in R Party!,FALSE,FALSE,FALSE,2017-04-02T17:56:49Z,Sun,7,No,No,No,No,Yes,Yes,Yes,No,No,Yes,trump
848299191646515202,Thank you @JCLayfield -- will get even better as my Administration continues to put #AmericaFirst���� ,FALSE,TRUE,TRUE,2017-04-02T03:21:02Z,Sat,17,No,No,No,No,No,No,No,No,No,No,not trump
848219027659010051,"..not associated with Russia. Trump team spied on before he was nominated."" If this is true, does not get much bigger. Would be sad for U.S.",FALSE,FALSE,FALSE,2017-04-01T22:02:29Z,Sat,12,No,No,No,No,Yes,No,Yes,No,Yes,Yes,trump
848216035153121285,"Wow, @FoxNews just reporting big news. Source: ""Official behind unmasking is high up. Known Intel official is responsible. Some unmasked....",FALSE,FALSE,FALSE,2017-04-01T21:50:36Z,Sat,11,No,No,No,No,No,No,Yes,No,No,Yes,trump
848204870876356608,"...use subsidies to buy health plans."" In other words, Ocare is dead. Good things will happen, however, either with Republicans or Dems.",FALSE,FALSE,FALSE,2017-04-01T21:06:14Z,Sat,11,Yes,Yes,No,No,Yes,Yes,Yes,No,Yes,Yes,trump
848203201094483972,"The failing @nytimes finally gets it - ""In places where no insurance company offers plans, there will be no way for ObamaCare customers to..",FALSE,FALSE,FALSE,2017-04-01T20:59:36Z,Sat,10,Yes,Yes,Yes,Yes,Yes,Yes,Yes,Yes,Yes,Yes,trump
848158641056362496,"It is the same Fake News Media that said there is ""no path to victory for Trump"" that is now pushing the phony Russia story. A total scam!",FALSE,FALSE,FALSE,2017-04-01T18:02:32Z,Sat,8,Yes,Yes,Yes,No,Yes,Yes,Yes,No,Yes,Yes,trump
848153860602507264,When will Sleepy Eyes Chuck Todd and @NBCNews start talking about the Obama SURVEILLANCE SCANDAL and stop with the Fake Trump/Russia story?,FALSE,FALSE,FALSE,2017-04-01T17:43:32Z,Sat,7,No,Yes,No,Yes,No,Yes,No,No,Yes,No,trump
847895524632129536,'Trump Celebrates American Manufacturing Survey Showing Highest Level of Optimism in 20 Years' ➡️… ,FALSE,TRUE,FALSE,2017-04-01T00:37:00Z,Fri,14,No,Yes,No,Yes,Yes,Yes,Yes,No,Yes,Yes,not trump
847867380562894848,#ConfirmGorsuch #SCOTUS ,FALSE,TRUE,TRUE,2017-03-31T22:45:10Z,Fri,12,No,No,No,No,No,No,No,No,No,No,not trump
847863243200753666,"Great meeting with a wonderful woman today, former Secretary of State, Condoleezza Rice! #USA���� ",FALSE,TRUE,TRUE,2017-03-31T22:28:44Z,Fri,12,No,No,No,No,Yes,No,Yes,No,Yes,Yes,not trump
847819720418111488,"It was an honor to welcome the Prime Minister of Denmark, Lars Løkke Rasmussen {@larsloekke} to the @WhiteHouse yes… ",FALSE,TRUE,FALSE,2017-03-31T19:35:47Z,Fri,9,No,No,No,No,No,No,Yes,No,No,Yes,not trump
847766558520856578,"Mike Flynn should ask for immunity in that this is a witch hunt (excuse for big election loss), by media  Dems, of historic proportion!",FALSE,FALSE,FALSE,2017-03-31T16:04:32Z,Fri,6,Yes,No,Yes,Yes,No,Yes,No,Yes,No,No,trump
847625389908217856,Only by enlisting the full potential of women in our society will we be truly able to #MakeAmericaGreatAgain����… ,FALSE,TRUE,TRUE,2017-03-31T06:43:35Z,Fri,20,No,No,No,No,No,No,Yes,No,No,No,not trump
847573358912974849,...and job losses. American companies must be prepared to look at other alternatives.,FALSE,FALSE,FALSE,2017-03-31T03:16:50Z,Thurs,17,No,Yes,No,No,No,No,Yes,No,No,Yes,not trump
847573220417044480,The meeting next week with China will be a very difficult one in that we can no longer have massive trade deficits...,FALSE,FALSE,FALSE,2017-03-31T03:16:17Z,Thurs,17,No,No,No,Yes,No,No,No,No,No,Yes,not trump
847559519085379584,"Where are @RepMarkMeadows, @Jim_Jordan and @Raul_Labrador?
#RepealANDReplace #Obamacare",FALSE,FALSE,TRUE,2017-03-31T02:21:50Z,Thurs,16,No,No,No,No,No,No,No,No,No,No,not trump
847559239149158401,"If @RepMarkMeadows, @Jim_Jordan and @Raul_Labrador would get on board we would have both great healthcare and massive tax cuts  reform.",FALSE,FALSE,FALSE,2017-03-31T02:20:44Z,Thurs,16,No,Yes,No,No,No,Yes,Yes,Yes,No,No,trump
847558426557337600,Great op-ed from @RepKenBuck. Looks like some in the Freedom Caucus are helping me end #Obamacare. ,FALSE,TRUE,TRUE,2017-03-31T02:17:30Z,Thurs,16,No,No,No,No,Yes,No,Yes,No,No,Yes,not trump
847455180912181249,The failing @nytimes has disgraced the media world. Gotten me wrong for two solid years. Change libel laws? ,FALSE,TRUE,FALSE,2017-03-30T19:27:14Z,Thurs,9,Yes,Yes,Yes,Yes,No,Yes,Yes,Yes,No,Yes,trump
847435163143454723,"The Freedom Caucus will hurt the entire Republican agenda if they don't get on the team,  fast. We must fight them,  Dems, in 2018!",FALSE,FALSE,FALSE,2017-03-30T18:07:42Z,Thurs,8,Yes,No,No,Yes,Yes,Yes,Yes,Yes,No,Yes,trump
847270189171228672,"Today we honored our true American heroes on the first-ever National Vietnam War Veterans Day.
#ThankAVeteran… ",FALSE,TRUE,TRUE,2017-03-30T07:12:09Z,Thurs,21,No,No,No,Yes,Yes,Yes,Yes,No,No,Yes,not trump
847201455165624320,Today's EO established a commission on combating drug addiction and the opioid crisis. Watch listening session➡️… ,FALSE,TRUE,FALSE,2017-03-30T02:39:01Z,Wed,16,No,Yes,No,Yes,Yes,Yes,Yes,No,No,Yes,not trump
847061031293779969,If the people of our great country could only see how viciously and inaccurately my administration is covered by certain media!,FALSE,TRUE,FALSE,2017-03-29T17:21:02Z,Wed,7,No,No,No,No,No,No,No,No,No,No,not trump
847056211006631936,"Remember when the failing @nytimes apologized to its subscribers, right after the election, because their coverage was so wrong. Now worse!",FALSE,FALSE,FALSE,2017-03-29T17:01:52Z,Wed,7,Yes,Yes,No,Yes,No,Yes,No,Yes,No,No,trump
846854703183020032,Why doesn't Fake News talk about Podesta ties to Russia as covered by @FoxNews or money from Russia to Clinton - sale of  Uranium?,FALSE,FALSE,FALSE,2017-03-29T03:41:09Z,Tues,17,Yes,Yes,No,No,Yes,Yes,Yes,No,Yes,Yes,trump
841392683625172992,Proud to welcome our great Cabinet this afternoon for our first meeting. Unfortunately 4 seats were empty because S… ,FALSE,TRUE,FALSE,2017-03-14T01:57:02Z,Mon,15,No,Yes,No,No,Yes,No,Yes,No,No,Yes,not trump
841338126316511233,Healthcare listening session w/ @VP  @SecPriceMD. Watch:  #ReadTheBill:… ,FALSE,TRUE,TRUE,2017-03-13T22:20:15Z,Mon,12,No,Yes,No,Yes,No,No,No,No,No,No,not trump
841275470796738560,"ObamaCare is imploding. It is a disaster and 2017 will be the worst year yet, by far! Republicans will come together and save the day.",FALSE,FALSE,FALSE,2017-03-13T18:11:17Z,Mon,8,Yes,No,Yes,Yes,Yes,Yes,Yes,Yes,Yes,Yes,trump
841270741060464648,"It is amazing how rude much of the media is to my very hard working representatives. Be nice, you will do much better!",FALSE,FALSE,FALSE,2017-03-13T17:52:29Z,Mon,7,No,No,No,No,No,No,Yes,No,No,No,trump
840572799202783233,We are making great progress with healthcare. ObamaCare is imploding and will only get worse. Republicans coming together to get job done!,FALSE,FALSE,FALSE,2017-03-11T19:39:07Z,Sat,9,No,Yes,No,Yes,Yes,Yes,Yes,Yes,No,No,trump
840225958854561792,"Weekly Address - 11:00 A.M. at the @WhiteHouse! #MAGA����
➡️ ",FALSE,TRUE,TRUE,2017-03-10T20:40:53Z,Fri,10,No,No,No,No,No,No,No,No,No,No,not trump
839976956703748096,Honored to meet this years @SenateYouth delegates w/ @VP Pence in the East Room of the @WhiteHouse. Congratulations… ,FALSE,TRUE,FALSE,2017-03-10T04:11:27Z,Thurs,18,No,No,No,No,No,No,No,No,No,No,not trump
839968149890076672,'U.S. Consumer Comfort Just Reached Its Highest Level in a Decade' ➡️ ,FALSE,TRUE,FALSE,2017-03-10T03:36:27Z,Thurs,17,No,Yes,No,Yes,Yes,Yes,Yes,No,Yes,Yes,not trump
839883804315684864,"Despite what you hear in the press, healthcare is coming along great. We are talking to many groups and it will end in a beautiful picture!",FALSE,FALSE,FALSE,2017-03-09T22:01:17Z,Thurs,12,No,Yes,No,No,Yes,No,Yes,No,No,No,trump
839625347524096000,"Great news. We are only just beginning. Together, we are going to #MAGA!  ",FALSE,TRUE,TRUE,2017-03-09T04:54:16Z,Wed,18,No,No,No,No,No,No,No,No,No,No,not trump
839624377826230272,Met with @RepCummings today at the @WhiteHouse. Great discussion!,FALSE,FALSE,FALSE,2017-03-09T04:50:25Z,Wed,18,No,No,No,No,No,No,Yes,No,No,No,not trump
839448469374894080,LinkedIn Workforce Report: January and February were the strongest consecutive months for hiring since August and September 2015,FALSE,TRUE,FALSE,2017-03-08T17:11:25Z,Wed,7,No,No,No,No,No,No,Yes,No,No,No,not trump
839433951957696513,"On International Women's Day, join me in honoring the critical role of women here in America  around the world.",FALSE,FALSE,FALSE,2017-03-08T16:13:44Z,Wed,6,No,No,No,No,No,No,Yes,No,No,No,trump
839433678275153921,I have tremendous respect for women and the many roles they serve that are vital to the fabric of our society and our economy.,FALSE,FALSE,FALSE,2017-03-08T16:12:39Z,Wed,6,No,Yes,No,No,Yes,Yes,Yes,No,No,Yes,trump
